timestamp,subscriber_count,formatted_count
2026-05-11T06:30:37Z,,
2026-05-11T06:41:14Z,29600000,29.6M
2026-05-11T06:41:44Z,29600000,29.6M
2026-05-11T10:12:26Z,29600000,29.6M
2026-05-11T10:25:59Z,29600000,29.6M
2026-05-11T13:34:28Z,29600000,29.6M
2026-05-11T16:19:41Z,29600000,29.6M
2026-05-11T18:26:27Z,29600000,29.6M
2026-05-11T20:24:34Z,29600000,29.6M
2026-05-11T21:54:16Z,29600000,29.6M
2026-05-11T23:41:11Z,29600000,29.6M
2026-05-12T01:25:12Z,29600000,29.6M
2026-05-12T05:24:47Z,29600000,29.6M
2026-05-12T08:13:56Z,29600000,29.6M
2026-05-12T11:05:46Z,29600000,29.6M
2026-05-12T13:27:11Z,29600000,29.6M
2026-05-12T16:08:22Z,29600000,29.6M
2026-05-12T18:26:27Z,29600000,29.6M
2026-05-12T20:20:52Z,29600000,29.6M
2026-05-12T21:56:46Z,29600000,29.6M
2026-05-12T23:42:24Z,29600000,29.6M
2026-05-13T01:29:29Z,29600000,29.6M
2026-05-13T05:34:48Z,29600000,29.6M
2026-05-13T08:25:22Z,29600000,29.6M
2026-05-13T11:16:08Z,29600000,29.6M
2026-05-13T13:53:55Z,29600000,29.6M
2026-05-13T17:03:48Z,29600000,29.6M
2026-05-13T19:26:01Z,29600000,29.6M
2026-05-13T21:11:42Z,29600000,29.6M
2026-05-13T22:49:20Z,29600000,29.6M
2026-05-14T01:33:05Z,29600000,29.6M
2026-05-14T05:34:51Z,29600000,29.6M
2026-05-14T08:18:33Z,29600000,29.6M
2026-05-14T11:03:34Z,29600000,29.6M
2026-05-14T13:19:43Z,29600000,29.6M
2026-05-14T15:59:39Z,29600000,29.6M
2026-05-14T18:24:20Z,29600000,29.6M
2026-05-14T20:19:55Z,29600000,29.6M
2026-05-14T21:51:12Z,29600000,29.6M
2026-05-14T23:39:12Z,29600000,29.6M
2026-05-15T01:31:51Z,29600000,29.6M
2026-05-15T05:40:42Z,29600000,29.6M
2026-05-15T08:30:46Z,29600000,29.6M
2026-05-15T11:06:48Z,29600000,29.6M
2026-05-15T13:19:12Z,29600000,29.6M
2026-05-15T15:51:25Z,29600000,29.6M
2026-05-15T18:13:07Z,29600000,29.6M
2026-05-15T20:07:18Z,29600000,29.6M
2026-05-15T21:42:13Z,29600000,29.6M
2026-05-15T22:38:41Z,29600000,29.6M
2026-05-15T23:39:11Z,29600000,29.6M
2026-05-16T01:25:01Z,29600000,29.6M
2026-05-16T05:00:45Z,29600000,29.6M
2026-05-16T07:33:55Z,29600000,29.6M
2026-05-16T09:15:56Z,29600000,29.6M
2026-05-16T10:49:00Z,29600000,29.6M
2026-05-16T11:39:33Z,29600000,29.6M
2026-05-16T12:45:49Z,29600000,29.6M
2026-05-16T14:11:19Z,29600000,29.6M
2026-05-16T15:41:37Z,29600000,29.6M
2026-05-16T16:38:14Z,29600000,29.6M
2026-05-16T17:40:54Z,29600000,29.6M
2026-05-16T18:41:18Z,29600000,29.6M
2026-05-16T19:48:28Z,29600000,29.6M
2026-05-16T20:33:00Z,29600000,29.6M
2026-05-16T21:34:37Z,29600000,29.6M
2026-05-16T22:30:16Z,29600000,29.6M
2026-05-16T23:35:43Z,29600000,29.6M
2026-05-17T01:31:17Z,29600000,29.6M
2026-05-17T05:35:09Z,29600000,29.6M
2026-05-17T08:03:10Z,29600000,29.6M
2026-05-17T10:13:02Z,29600000,29.6M
2026-05-17T11:45:16Z,29600000,29.6M
